{
    "MAE": 28688.924888454836,
    "MSE": 2392089577.400933,
    "RMSE": 48908.992807058836,
    "R2": 0.6323712461627091
}