{
    "MAE": 28688.92488845483,
    "MSE": 2392089577.400931,
    "RMSE": 48908.992807058814,
    "R2": 0.6323712461627093
}