{
    "MAE": 28707.355217245007,
    "MSE": 2380916412.1548834,
    "RMSE": 48794.63507553759,
    "R2": 0.6428448477360804
}