Source,count,mean,std,min,25%,50%,75%,max
BZL,7102.0,72679.10712639368,83073.37843859289,1824.634259584988,9917.90164764575,43584.805690991736,105611.89764657659,489089.9207959324
CGP,7241.0,70877.63242789694,82236.60534751583,1809.2742564616128,9566.196905244486,40416.259522683664,103504.1262388638,524278.7603699019
CXB,7049.0,71012.87066948978,81382.15054780354,1804.1320957142095,9422.314108914958,41133.57325283581,104190.51243544852,479213.6171685456
DAC,7146.0,70349.70518785203,81107.22369070891,1805.8906394961057,9505.376257690892,40935.91053088037,103579.93259882076,466709.7542407895
JSR,7149.0,69545.89854847401,80296.03934416693,1808.644602954555,9519.3019651807,40819.99671757021,101228.74505742938,473812.803729295
RJH,7091.0,70532.90830143483,82069.22689640422,1800.9756881504618,9368.29130714924,39743.686336751416,103572.14247081659,522606.3738359274
SPD,7043.0,71306.31095827148,81523.09846979844,1812.391403140217,9742.81743654659,41149.83932277553,105337.6285412227,546970.9229021225
ZYL,7179.0,71946.5830772136,82426.6169213013,1801.196912915213,9916.207295109092,42643.36681076909,104098.28413454724,558987.332444109
