Season,count,mean,std,min,25%,50%,75%,max
Autumn,14440.0,67146.62531371192,76696.74806015076,1800.98,9114.9475,39307.3,98692.175,350382.0
Spring,14416.0,67957.68876664816,77396.09731204146,1817.87,9416.695,40184.6,100636.0,453434.0
Summer,14285.0,68550.96709555478,79422.18461650822,1801.2,9271.31,39967.7,99568.1,522606.0
Winter,13859.0,78021.39082112708,88717.76913617257,2017.8,10580.25,46291.1,115026.0,416670.0
