Season,count,mean,std,min,25%,50%,75%,max
Autumn,14440.0,67855.06279254465,77770.96951411026,1800.9756881504618,9197.303400918281,39487.26861801193,99511.96440340913,413660.9621922963
Spring,14416.0,68604.20244224029,78371.8858470291,1817.8708549005548,9474.662807780562,40434.8595552944,101289.1324229014,524278.7603699019
Summer,14285.0,69178.03549841692,80395.18700930323,1801.196912915213,9334.914506925445,40255.91259480591,100128.7489940532,558987.332444109
Winter,13859.0,78771.52010217513,89820.69386952823,2017.800606637902,10651.839521970465,46528.81041561003,116001.05081787863,493383.96730977634
