Source,count,mean,std,min,25%,50%,75%,max
Barisal,7102.0,71886.06859194594,81832.49243210103,1824.63,9834.3275,43429.55,105107.75,482856.0
Chittagong,7241.0,70176.03867283525,81049.29179627428,1809.27,9503.78,40043.3,103050.0,457335.0
Cox's Bazar,7049.0,70389.28658816853,80643.31392345949,1804.13,9358.22,40895.0,103821.0,479214.0
Dhaka,7146.0,69618.98006856983,79926.25028186591,1805.89,9477.0725,40544.8,102718.0,466710.0
Jessore,7149.0,68834.2365044062,79139.4454658665,1808.64,9424.9,40497.7,100116.0,435069.0
Rajshahi,7091.0,69911.66878437456,81159.94600646613,1800.98,9271.305,39463.8,103027.5,522606.0
Saidpur,7043.0,70646.26125798665,80575.84210918387,1812.39,9675.724999999999,40903.3,104511.5,455809.0
Sylhet,7179.0,71329.188616799,81540.67256952889,1801.2,9842.244999999999,42398.5,103849.5,465823.0
